[
  {"model": "idea.scoutlevel", "pk": 1, "fields": {"name": "Wölflinge", "sorting": 1, "icon": "pets"}},
  {"model": "idea.scoutlevel", "pk": 2, "fields": {"name": "Jungpfadfinder", "sorting": 2, "icon": "hiking"}},
  {"model": "idea.scoutlevel", "pk": 3, "fields": {"name": "Pfadfinder", "sorting": 3, "icon": "explore"}},
  {"model": "idea.scoutlevel", "pk": 4, "fields": {"name": "Rover", "sorting": 4, "icon": "backpack"}},

  {"model": "idea.tag", "pk": 1, "fields": {"name": "Spielen", "slug": "spielen", "parent": null, "icon": "sports_esports", "sort_order": 1, "is_approved": true}},
  {"model": "idea.tag", "pk": 2, "fields": {"name": "Basteln", "slug": "basteln", "parent": null, "icon": "content_cut", "sort_order": 2, "is_approved": true}},
  {"model": "idea.tag", "pk": 3, "fields": {"name": "Kochen", "slug": "kochen", "parent": null, "icon": "restaurant", "sort_order": 3, "is_approved": true}},
  {"model": "idea.tag", "pk": 4, "fields": {"name": "Natur", "slug": "natur", "parent": null, "icon": "park", "sort_order": 4, "is_approved": true}},
  {"model": "idea.tag", "pk": 5, "fields": {"name": "Sport", "slug": "sport", "parent": null, "icon": "directions_run", "sort_order": 5, "is_approved": true}},
  {"model": "idea.tag", "pk": 6, "fields": {"name": "Teamwork", "slug": "teamwork", "parent": null, "icon": "group", "sort_order": 6, "is_approved": true}},
  {"model": "idea.tag", "pk": 7, "fields": {"name": "Kreativität", "slug": "kreativitaet", "parent": null, "icon": "palette", "sort_order": 7, "is_approved": true}},
  {"model": "idea.tag", "pk": 8, "fields": {"name": "Drinnen", "slug": "drinnen", "parent": null, "icon": "home", "sort_order": 8, "is_approved": true}},
  {"model": "idea.tag", "pk": 9, "fields": {"name": "Draußen", "slug": "draussen", "parent": null, "icon": "wb_sunny", "sort_order": 9, "is_approved": true}},
  {"model": "idea.tag", "pk": 10, "fields": {"name": "Geländespiel", "slug": "gelaendespiel", "parent": 1, "icon": "map", "sort_order": 10, "is_approved": true}},
  {"model": "idea.tag", "pk": 11, "fields": {"name": "Brettspiel", "slug": "brettspiel", "parent": 1, "icon": "casino", "sort_order": 11, "is_approved": true}},
  {"model": "idea.tag", "pk": 12, "fields": {"name": "Lagerfeuer", "slug": "lagerfeuer", "parent": 4, "icon": "local_fire_department", "sort_order": 12, "is_approved": true}},

  {"model": "idea.measuringunit", "pk": 1, "fields": {"name": "Stück", "description": "Einzelne Stücke", "quantity": 1.0, "unit": "g", "is_public": true, "created_at": "2025-01-01T00:00:00Z", "updated_at": "2025-01-01T00:00:00Z"}},
  {"model": "idea.measuringunit", "pk": 2, "fields": {"name": "Gramm", "description": "Gewicht in Gramm", "quantity": 1.0, "unit": "g", "is_public": true, "created_at": "2025-01-01T00:00:00Z", "updated_at": "2025-01-01T00:00:00Z"}},
  {"model": "idea.measuringunit", "pk": 3, "fields": {"name": "Kilogramm", "description": "Gewicht in Kilogramm", "quantity": 1000.0, "unit": "g", "is_public": true, "created_at": "2025-01-01T00:00:00Z", "updated_at": "2025-01-01T00:00:00Z"}},
  {"model": "idea.measuringunit", "pk": 4, "fields": {"name": "Milliliter", "description": "Volumen in Milliliter", "quantity": 1.0, "unit": "ml", "is_public": true, "created_at": "2025-01-01T00:00:00Z", "updated_at": "2025-01-01T00:00:00Z"}},
  {"model": "idea.measuringunit", "pk": 5, "fields": {"name": "Liter", "description": "Volumen in Liter", "quantity": 1000.0, "unit": "ml", "is_public": true, "created_at": "2025-01-01T00:00:00Z", "updated_at": "2025-01-01T00:00:00Z"}},
  {"model": "idea.measuringunit", "pk": 6, "fields": {"name": "Esslöffel", "description": "ca. 15ml", "quantity": 15.0, "unit": "ml", "is_public": true, "created_at": "2025-01-01T00:00:00Z", "updated_at": "2025-01-01T00:00:00Z"}},
  {"model": "idea.measuringunit", "pk": 7, "fields": {"name": "Teelöffel", "description": "ca. 5ml", "quantity": 5.0, "unit": "ml", "is_public": true, "created_at": "2025-01-01T00:00:00Z", "updated_at": "2025-01-01T00:00:00Z"}},
  {"model": "idea.measuringunit", "pk": 8, "fields": {"name": "Tasse", "description": "ca. 250ml", "quantity": 250.0, "unit": "ml", "is_public": true, "created_at": "2025-01-01T00:00:00Z", "updated_at": "2025-01-01T00:00:00Z"}},
  {"model": "idea.measuringunit", "pk": 9, "fields": {"name": "Prise", "description": "Kleine Menge", "quantity": 0.5, "unit": "g", "is_public": true, "created_at": "2025-01-01T00:00:00Z", "updated_at": "2025-01-01T00:00:00Z"}},
  {"model": "idea.measuringunit", "pk": 10, "fields": {"name": "Scheibe", "description": "Eine Scheibe", "quantity": 1.0, "unit": "g", "is_public": true, "created_at": "2025-01-01T00:00:00Z", "updated_at": "2025-01-01T00:00:00Z"}},
  {"model": "idea.measuringunit", "pk": 11, "fields": {"name": "Meter", "description": "Längeneinheit", "quantity": 1.0, "unit": "g", "is_public": true, "created_at": "2025-01-01T00:00:00Z", "updated_at": "2025-01-01T00:00:00Z"}},
  {"model": "idea.measuringunit", "pk": 12, "fields": {"name": "Packung", "description": "Eine Packung", "quantity": 1.0, "unit": "g", "is_public": true, "created_at": "2025-01-01T00:00:00Z", "updated_at": "2025-01-01T00:00:00Z"}},

  {"model": "idea.materialname", "pk": 1, "fields": {"name": "Seil", "slug": "seil", "description": "", "default_unit": 11}},
  {"model": "idea.materialname", "pk": 2, "fields": {"name": "Papier", "slug": "papier", "description": "", "default_unit": 1}},
  {"model": "idea.materialname", "pk": 3, "fields": {"name": "Stifte", "slug": "stifte", "description": "", "default_unit": 1}},
  {"model": "idea.materialname", "pk": 4, "fields": {"name": "Kleber", "slug": "kleber", "description": "", "default_unit": 1}},
  {"model": "idea.materialname", "pk": 5, "fields": {"name": "Schere", "slug": "schere", "description": "", "default_unit": 1}},
  {"model": "idea.materialname", "pk": 6, "fields": {"name": "Ball", "slug": "ball", "description": "", "default_unit": 1}},
  {"model": "idea.materialname", "pk": 7, "fields": {"name": "Taschenlampe", "slug": "taschenlampe", "description": "", "default_unit": 1}},
  {"model": "idea.materialname", "pk": 8, "fields": {"name": "Kompass", "slug": "kompass", "description": "", "default_unit": 1}},

  {"model": "idea.nutritionaltag", "pk": 1, "fields": {"name": "Fleisch", "name_opposite": "Vegetarisch", "description": "Enthält Fleisch", "rank": 1, "is_dangerous": false, "is_public": true, "created_at": "2025-01-01T00:00:00Z", "updated_at": "2025-01-01T00:00:00Z"}},
  {"model": "idea.nutritionaltag", "pk": 2, "fields": {"name": "Milchprodukte", "name_opposite": "Vegan", "description": "Enthält Milchprodukte", "rank": 2, "is_dangerous": false, "is_public": true, "created_at": "2025-01-01T00:00:00Z", "updated_at": "2025-01-01T00:00:00Z"}},
  {"model": "idea.nutritionaltag", "pk": 3, "fields": {"name": "Gluten", "name_opposite": "Glutenfrei", "description": "Enthält Gluten", "rank": 3, "is_dangerous": true, "is_public": true, "created_at": "2025-01-01T00:00:00Z", "updated_at": "2025-01-01T00:00:00Z"}},
  {"model": "idea.nutritionaltag", "pk": 4, "fields": {"name": "Nüsse", "name_opposite": "Nussfrei", "description": "Enthält Nüsse", "rank": 4, "is_dangerous": true, "is_public": true, "created_at": "2025-01-01T00:00:00Z", "updated_at": "2025-01-01T00:00:00Z"}},
  {"model": "idea.nutritionaltag", "pk": 5, "fields": {"name": "Laktose", "name_opposite": "Laktosefrei", "description": "Enthält Laktose", "rank": 5, "is_dangerous": true, "is_public": true, "created_at": "2025-01-01T00:00:00Z", "updated_at": "2025-01-01T00:00:00Z"}},
  {"model": "idea.nutritionaltag", "pk": 6, "fields": {"name": "Eier", "name_opposite": "Ohne Eier", "description": "Enthält Eier", "rank": 6, "is_dangerous": true, "is_public": true, "created_at": "2025-01-01T00:00:00Z", "updated_at": "2025-01-01T00:00:00Z"}},
  {"model": "idea.nutritionaltag", "pk": 7, "fields": {"name": "Fisch", "name_opposite": "Ohne Fisch", "description": "Enthält Fisch", "rank": 7, "is_dangerous": true, "is_public": true, "created_at": "2025-01-01T00:00:00Z", "updated_at": "2025-01-01T00:00:00Z"}},
  {"model": "idea.nutritionaltag", "pk": 8, "fields": {"name": "Alkohol", "name_opposite": "Alkoholfrei", "description": "Enthält Alkohol", "rank": 8, "is_dangerous": false, "is_public": true, "created_at": "2025-01-01T00:00:00Z", "updated_at": "2025-01-01T00:00:00Z"}},
  {"model": "idea.nutritionaltag", "pk": 9, "fields": {"name": "Scharf", "name_opposite": "Mild", "description": "Enthält scharfe Gewürze", "rank": 9, "is_dangerous": false, "is_public": true, "created_at": "2025-01-01T00:00:00Z", "updated_at": "2025-01-01T00:00:00Z"}},
  {"model": "idea.nutritionaltag", "pk": 10, "fields": {"name": "Schweinefleisch", "name_opposite": "Ohne Schwein", "description": "Enthält Schweinefleisch", "rank": 10, "is_dangerous": false, "is_public": true, "created_at": "2025-01-01T00:00:00Z", "updated_at": "2025-01-01T00:00:00Z"}},

  {"model": "idea.retailsection", "pk": 1, "fields": {"name": "Obst & Gemüse", "description": "Frische Abteilung", "rank": 1}},
  {"model": "idea.retailsection", "pk": 2, "fields": {"name": "Kühlregal", "description": "Gekühlte Produkte", "rank": 2}},
  {"model": "idea.retailsection", "pk": 3, "fields": {"name": "Tiefkühl", "description": "Tiefgekühlte Produkte", "rank": 3}},
  {"model": "idea.retailsection", "pk": 4, "fields": {"name": "Backwaren", "description": "Brot und Gebäck", "rank": 4}},
  {"model": "idea.retailsection", "pk": 5, "fields": {"name": "Fleisch & Wurst", "description": "Fleisch und Wurstwaren", "rank": 5}},
  {"model": "idea.retailsection", "pk": 6, "fields": {"name": "Milchprodukte", "description": "Milch, Käse, Joghurt", "rank": 6}},
  {"model": "idea.retailsection", "pk": 7, "fields": {"name": "Getränke", "description": "Alle Getränke", "rank": 7}},
  {"model": "idea.retailsection", "pk": 8, "fields": {"name": "Konserven", "description": "Dosen und Konserven", "rank": 8}},
  {"model": "idea.retailsection", "pk": 9, "fields": {"name": "Trockenprodukte", "description": "Mehl, Reis, Nudeln, Zucker", "rank": 9}},
  {"model": "idea.retailsection", "pk": 10, "fields": {"name": "Gewürze & Soßen", "description": "Gewürze, Kräuter, Soßen", "rank": 10}},
  {"model": "idea.retailsection", "pk": 11, "fields": {"name": "Süßwaren", "description": "Schokolade, Süßigkeiten", "rank": 11}},
  {"model": "idea.retailsection", "pk": 12, "fields": {"name": "Öle & Fette", "description": "Speiseöle, Butter, Margarine", "rank": 12}},

  {"model": "idea.idea", "pk": 1, "fields": {
    "created_at": "2025-01-15T10:00:00Z", "updated_at": "2025-01-15T10:00:00Z",
    "title": "Capture the Flag", "slug": "capture-the-flag",
    "summary": "Zwei Teams versuchen die gegnerische Flagge zu erobern und ins eigene Lager zu bringen.",
    "summary_long": "Das klassische Geländespiel, bei dem zwei Mannschaften gegeneinander antreten. Jedes Team hat eine Flagge in seinem Gebiet. Ziel ist es, die Flagge des anderen Teams zu stehlen und sicher ins eigene Lager zurückzubringen, ohne dabei gefangen zu werden.",
    "description": "## Vorbereitung\n\n- Spielfeld in zwei Hälften teilen\n- Jedes Team bekommt eine Flagge (Tuch oder Halstuch)\n- Flagge muss sichtbar aufgestellt werden\n\n## Regeln\n\n1. Jedes Team verteidigt seine Flagge und versucht gleichzeitig, die gegnerische Flagge zu erobern\n2. Wer in der gegnerischen Hälfte abgeschlagen wird, muss ins \"Gefängnis\"\n3. Gefangene können durch Teammitglieder befreit werden\n4. Gewonnen hat das Team, das die Flagge zuerst ins eigene Lager bringt\n\n## Varianten\n\n- Mit mehreren Flaggen spielen\n- Nachtversion mit Taschenlampen\n- Mit Lebens-Bändern statt Abschlagen",
    "costs_rating": "free", "execution_time": "60_90", "preparation_time": "less_15", "difficulty": "easy",
    "status": "published", "like_score": 42, "view_count": 150, "is_public": true,
    "scout_levels": [1, 2, 3], "tags": [1, 5, 6, 9, 10], "authors": []
  }},
  {"model": "idea.idea", "pk": 2, "fields": {
    "created_at": "2025-01-20T14:30:00Z", "updated_at": "2025-01-20T14:30:00Z",
    "title": "Naturmandala legen", "slug": "naturmandala-legen",
    "summary": "Die Gruppe sammelt Naturmaterialien und gestaltet daraus ein gemeinsames Mandala.",
    "summary_long": "Bei einem Spaziergang oder auf dem Lagerplatz sammeln die Teilnehmer verschiedene Naturmaterialien wie Blätter, Steine, Stöcke und Blüten. Daraus wird gemeinsam auf dem Boden ein großes Mandala gelegt.",
    "description": "## Ablauf\n\n1. Materialien sammeln (15-20 Min)\n2. Mitte des Mandalas festlegen\n3. Von innen nach außen gemeinsam gestalten\n4. Foto machen und Mandala der Natur überlassen\n\n## Tipps\n\n- Verschiedene Farben und Texturen verwenden\n- Symmetrie erklären und üben\n- Kann auch als Wettbewerb in kleinen Gruppen gespielt werden",
    "costs_rating": "free", "execution_time": "30_60", "preparation_time": "none", "difficulty": "easy",
    "status": "published", "like_score": 35, "view_count": 110, "is_public": true,
    "scout_levels": [1, 2], "tags": [2, 4, 7, 9], "authors": []
  }},
  {"model": "idea.idea", "pk": 3, "fields": {
    "created_at": "2025-02-01T09:00:00Z", "updated_at": "2025-02-01T09:00:00Z",
    "title": "Stockbrot am Lagerfeuer", "slug": "stockbrot-am-lagerfeuer",
    "summary": "Gemeinsam Stockbrot-Teig zubereiten und am Lagerfeuer backen.",
    "summary_long": "Ein Klassiker bei jeder Pfadfinderaktion: Der Teig wird gemeinsam vorbereitet, um Stöcke gewickelt und über dem Lagerfeuer gebacken.",
    "description": "## Zutaten (für ca. 10 Personen)\n\n- 500g Mehl\n- 1 Päckchen Trockenhefe\n- 250ml lauwarmes Wasser\n- 1 TL Salz\n- 2 EL Öl\n\n## Zubereitung\n\n1. Alle trockenen Zutaten mischen\n2. Wasser und Öl hinzufügen und kneten\n3. Teig 30 Minuten gehen lassen\n4. Stöcke vorbereiten\n5. Teig um den Stock wickeln\n6. Über der Glut langsam drehen",
    "costs_rating": "less_1", "execution_time": "60_90", "preparation_time": "15_30", "difficulty": "easy",
    "status": "published", "like_score": 58, "view_count": 200, "is_public": true,
    "scout_levels": [1, 2, 3, 4], "tags": [3, 4, 9, 12], "authors": []
  }},
  {"model": "idea.idea", "pk": 4, "fields": {
    "created_at": "2025-02-10T11:15:00Z", "updated_at": "2025-02-10T11:15:00Z",
    "title": "Knotenkunde", "slug": "knotenkunde",
    "summary": "Die wichtigsten Pfadfinderknoten lernen und üben.",
    "summary_long": "In dieser Gruppenstunde lernen die Teilnehmer die wichtigsten Knoten: Kreuzknoten, Palstek, Mastwurf und Zimmermannsknoten.",
    "description": "## Knoten\n\n### 1. Kreuzknoten\nZum Verbinden von zwei gleich dicken Seilen.\n\n### 2. Palstek\nBildet eine feste Schlinge.\n\n### 3. Mastwurf\nZum Befestigen eines Seils an einem Pfahl.\n\n### 4. Zimmermannsknoten\nZum Befestigen eines Seils an einem Baumstamm.\n\n## Ablauf\n\n1. Jeden Knoten vorzeigen\n2. Gemeinsam üben\n3. Partner-Übung: blind knoten\n4. Knoten-Staffel als Wettbewerb",
    "costs_rating": "free", "execution_time": "30_60", "preparation_time": "less_15", "difficulty": "medium",
    "status": "published", "like_score": 27, "view_count": 95, "is_public": true,
    "scout_levels": [2, 3], "tags": [6, 8], "authors": []
  }},
  {"model": "idea.idea", "pk": 5, "fields": {
    "created_at": "2025-02-20T16:00:00Z", "updated_at": "2025-02-20T16:00:00Z",
    "title": "Schnitzeljagd mit Kompass", "slug": "schnitzeljagd-mit-kompass",
    "summary": "Eine Schnitzeljagd, bei der die Teilnehmer mit Kompass und Karte navigieren müssen.",
    "summary_long": "Die Teilnehmer folgen Kompass-Peilungen und Hinweisen, um verschiedene Stationen zu finden.",
    "description": "## Vorbereitung\n\n1. Route planen (5-8 Stationen)\n2. Umschläge mit Aufgaben verstecken\n3. Schatz am Ende verstecken\n\n## Durchführung\n\n1. Einführung in den Kompass\n2. Teams bilden\n3. Erste Peilung ausgeben\n4. Stationen lösen",
    "costs_rating": "less_1", "execution_time": "more_90", "preparation_time": "30_60", "difficulty": "medium",
    "status": "published", "like_score": 45, "view_count": 175, "is_public": true,
    "scout_levels": [2, 3, 4], "tags": [1, 4, 6, 9, 10], "authors": []
  }},
  {"model": "idea.idea", "pk": 6, "fields": {
    "created_at": "2025-03-01T13:45:00Z", "updated_at": "2025-03-01T13:45:00Z",
    "title": "T-Shirt Batiken", "slug": "t-shirt-batiken",
    "summary": "Individuelle T-Shirts mit der Batik-Technik gestalten.",
    "summary_long": "Jeder Teilnehmer bringt ein weißes T-Shirt mit und gestaltet es mit Batikfarben.",
    "description": "## Material pro Person\n\n- 1 weißes T-Shirt\n- Batikfarben\n- Gummibänder\n- Einweghandschuhe\n\n## Falttechniken\n\n### Spirale\n### Streifen\n### Kreis\n\n## Ablauf\n\n1. Techniken erklären (15 Min)\n2. T-Shirts falten und binden (15 Min)\n3. Farben auftragen (20 Min)\n4. 24h einwirken lassen",
    "costs_rating": "1_2", "execution_time": "60_90", "preparation_time": "15_30", "difficulty": "medium",
    "status": "published", "like_score": 33, "view_count": 120, "is_public": true,
    "scout_levels": [1, 2, 3], "tags": [2, 7, 8], "authors": []
  }},
  {"model": "idea.idea", "pk": 7, "fields": {
    "created_at": "2025-03-10T18:00:00Z", "updated_at": "2025-03-10T18:00:00Z",
    "title": "Werwolf-Abend", "slug": "werwolf-abend",
    "summary": "Das beliebte Gesellschaftsspiel Werwolf in großer Runde spielen.",
    "summary_long": "Ein Spielleiter moderiert das Spiel mit verschiedenen Rollen.",
    "description": "## Rollen\n\n- Werwölfe, Dorfbewohner, Seherin, Hexe, Jäger, Amor\n\n## Spielablauf\n\n1. Rollen verteilen\n2. Nachtphase\n3. Tagphase: Diskussion und Abstimmung\n4. Wiederholen",
    "costs_rating": "free", "execution_time": "60_90", "preparation_time": "less_15", "difficulty": "easy",
    "status": "published", "like_score": 51, "view_count": 190, "is_public": true,
    "scout_levels": [2, 3, 4], "tags": [1, 6, 8, 11], "authors": []
  }},
  {"model": "idea.idea", "pk": 8, "fields": {
    "created_at": "2025-03-15T08:30:00Z", "updated_at": "2025-03-15T08:30:00Z",
    "title": "Erste-Hilfe-Rallye", "slug": "erste-hilfe-rallye",
    "summary": "An verschiedenen Stationen Erste-Hilfe-Maßnahmen üben.",
    "summary_long": "Die Teilnehmer durchlaufen in kleinen Gruppen verschiedene Erste-Hilfe-Stationen.",
    "description": "## Stationen\n\n1. Stabile Seitenlage\n2. Verbände\n3. Notruf (W-Fragen)\n4. Wiederbelebung\n5. Schock-Lagerung\n\n## Organisation\n\n- Pro Station einen Betreuer\n- Gruppen von 3-4 Personen\n- Je 10 Minuten pro Station",
    "costs_rating": "free", "execution_time": "60_90", "preparation_time": "30_60", "difficulty": "medium",
    "status": "published", "like_score": 38, "view_count": 130, "is_public": true,
    "scout_levels": [2, 3, 4], "tags": [6, 8], "authors": []
  }},
  {"model": "idea.idea", "pk": 9, "fields": {
    "created_at": "2025-04-01T12:00:00Z", "updated_at": "2025-04-01T12:00:00Z",
    "title": "Waldläuferzeichen", "slug": "waldlaeuferzeichen",
    "summary": "Waldläuferzeichen lernen und in einer Übung anwenden.",
    "summary_long": "Die Teilnehmer lernen die gängigen Waldläuferzeichen und legen eine Spur.",
    "description": "## Zeichen\n\n- Pfeil: Richtung folgen\n- Kreis mit Punkt: Hier warten\n- X: Falscher Weg\n- Drei Steine: Achtung\n- Dreieck: Lager\n\n## Ablauf\n\n1. Zeichen erklären (15 Min)\n2. Gruppe A legt Spur (20 Min)\n3. Gruppe B folgt (20 Min)\n4. Rollen tauschen",
    "costs_rating": "free", "execution_time": "60_90", "preparation_time": "less_15", "difficulty": "easy",
    "status": "published", "like_score": 30, "view_count": 85, "is_public": true,
    "scout_levels": [1, 2, 3], "tags": [1, 4, 9, 10], "authors": []
  }},
  {"model": "idea.idea", "pk": 10, "fields": {
    "created_at": "2025-04-15T15:30:00Z", "updated_at": "2025-04-15T15:30:00Z",
    "title": "Lagerbau mit Planen", "slug": "lagerbau-mit-planen",
    "summary": "Aus Planen und Seilen verschiedene Unterstände und Lager bauen.",
    "summary_long": "Teams bauen mit Planen, Seilen und Heringen verschiedene Unterstandformen.",
    "description": "## Material pro Team\n\n- 2 Planen (3x3m)\n- 10m Seil\n- 6 Heringe\n\n## Bauformen\n\n- A-Zelt\n- Lean-To\n- Tarp-Diamant\n\n## Ablauf\n\n1. Bauformen vorstellen (10 Min)\n2. Teams bilden\n3. Bauphase (30-40 Min)\n4. Besichtigung\n5. Wassertest!",
    "costs_rating": "less_1", "execution_time": "more_90", "preparation_time": "15_30", "difficulty": "hard",
    "status": "published", "like_score": 40, "view_count": 145, "is_public": true,
    "scout_levels": [2, 3, 4], "tags": [4, 6, 9], "authors": []
  }},

  {"model": "idea.materialitem", "pk": 1, "fields": {"idea": 1, "quantity": "2", "material_name": null, "material_unit": null, "quantity_type": "once"}},
  {"model": "idea.materialitem", "pk": 2, "fields": {"idea": 4, "quantity": "10", "material_name": 1, "material_unit": 11, "quantity_type": "once"}},
  {"model": "idea.materialitem", "pk": 3, "fields": {"idea": 5, "quantity": "4", "material_name": 8, "material_unit": 1, "quantity_type": "once"}},
  {"model": "idea.materialitem", "pk": 4, "fields": {"idea": 6, "quantity": "1", "material_name": null, "material_unit": null, "quantity_type": "per_person"}},
  {"model": "idea.materialitem", "pk": 5, "fields": {"idea": 10, "quantity": "20", "material_name": 1, "material_unit": 11, "quantity_type": "once"}}
]
